,x_nose,y_nose,c_nose,x_left_eye,y_left_eye,c_left_eye,x_right_eye,y_right_eye,c_right_eye,x_left_ear,y_left_ear,c_left_ear,x_right_ear,y_right_ear,c_right_ear,x_left_shoulder,y_left_shoulder,c_left_shoulder,x_right_shoulder,y_right_shoulder,c_right_shoulder,x_left_elbow,y_left_elbow,c_left_elbow,x_right_elbow,y_right_elbow,c_right_elbow,x_left_wrist,y_left_wrist,c_left_wrist,x_right_wrist,y_right_wrist,c_right_wrist,x_left_hip,y_left_hip,c_left_hip,x_right_hip,y_right_hip,c_right_hip,x_left_knee,y_left_knee,c_left_knee,x_right_knee,y_right_knee,c_right_knee,x_left_ankle,y_left_ankle,c_left_ankle,x_right_ankle,y_right_ankle,c_right_ankle,frame
0,0.004043328,0.49375856,0.478042,-0.003829361,0.47213328,0.33926693,-0.0036665164,0.5114014,0.33769256,-9.4306415e-05,0.44280207,0.34371498,0.00390927,0.53038114,0.49965352,0.073832415,0.36692286,0.835031,0.07359758,0.5945857,0.75934255,0.27913097,0.3631881,0.8153775,0.27605852,0.62971973,0.8795295,0.22998683,0.45563254,0.37307927,0.24246721,0.57441187,0.39313158,0.3949103,0.43182215,0.7075827,0.3920402,0.5681961,0.7426974,0.66799396,0.39113533,0.6153791,0.6597597,0.60574996,0.7149583,0.9536924,0.36932725,0.5727745,0.9574237,0.6270373,0.66188985,0
1,0.010212577,0.49051604,0.48207983,0.003098362,0.46956405,0.3450665,0.0024668917,0.50778764,0.3238229,0.0091699,0.44353312,0.41593647,0.011960529,0.5291965,0.56278753,0.0793521,0.36421558,0.7874644,0.077952,0.59668934,0.6833872,0.28643486,0.36495137,0.8299417,0.27850425,0.63080233,0.84540975,0.2422177,0.45542276,0.33917376,0.24352454,0.5911138,0.32341197,0.39500463,0.43317446,0.69129467,0.3932438,0.5739472,0.578679,0.67394274,0.38752252,0.51453936,0.6604941,0.6089432,0.76678115,0.9618616,0.3671702,0.6587829,0.9507181,0.62933826,0.6596695,1
2,0.012857913,0.48879966,0.42318687,0.007727598,0.4695738,0.40002102,0.0066235717,0.5040106,0.3100051,0.014621983,0.44581923,0.4475343,0.017107733,0.5262395,0.565223,0.09068841,0.36600715,0.6737404,0.08590635,0.60433626,0.7689084,0.28857523,0.36606833,0.8024119,0.28658816,0.6249553,0.86947775,0.24867265,0.44100767,0.3683385,0.24707918,0.5810803,0.30170798,0.3986556,0.429939,0.6936375,0.39584047,0.5750686,0.7345489,0.6775981,0.37952495,0.6590803,0.65871114,0.61157864,0.7444867,0.95380783,0.36742276,0.6404309,0.9496581,0.63054544,0.6793932,2
3,0.027326599,0.49629474,0.30750728,0.021506328,0.48681068,0.36183608,0.020547122,0.50371844,0.33510286,0.03308191,0.46973166,0.55600625,0.034410667,0.5186224,0.4342505,0.095656544,0.37819573,0.6299791,0.09451073,0.5943117,0.8071101,0.29275954,0.36574394,0.6936002,0.2938577,0.6304339,0.67253625,0.26995623,0.4605741,0.29690683,0.2644448,0.5754902,0.40424743,0.40045092,0.44178554,0.6001959,0.40024948,0.5619376,0.6291011,0.6793128,0.3768466,0.6261233,0.6628108,0.61546755,0.69305336,0.95684874,0.37060985,0.6353159,0.953331,0.6281477,0.63409126,3
4,0.04649679,0.49203905,0.46146807,0.04196931,0.47705054,0.3007448,0.03940218,0.50045323,0.35940468,0.0586881,0.45572576,0.5540265,0.055468347,0.5242128,0.6105232,0.10619682,0.37017828,0.6889578,0.099494964,0.6069615,0.73681796,0.29930365,0.35779127,0.7224671,0.29530096,0.6316098,0.6602915,0.309904,0.45742163,0.25973383,0.2810319,0.5368371,0.22091414,0.40164316,0.4361609,0.6239853,0.40482947,0.5695355,0.53713083,0.67886424,0.37525734,0.57614917,0.6601729,0.61863625,0.6005901,0.96837354,0.3692306,0.688036,0.9576897,0.63126487,0.5577222,4
5,0.06919879,0.4893186,0.4644457,0.06617573,0.48366818,0.39424172,0.062017396,0.48808312,0.31122914,0.07823213,0.4784966,0.54419845,0.07345087,0.49760354,0.4612369,0.118606925,0.38986665,0.501524,0.11371787,0.5805684,0.7036857,0.31138003,0.36741015,0.5552901,0.30506977,0.6239161,0.6672394,0.34571597,0.4949512,0.3062136,0.3192729,0.494562,0.14662531,0.39982164,0.46352157,0.59238935,0.40192145,0.54461205,0.572725,0.68443507,0.37026078,0.5234142,0.6652637,0.6198795,0.6162828,0.9668913,0.36679,0.7902364,0.96852195,0.62990373,0.6782316,5
6,0.091744624,0.49832773,0.50227416,0.0860286,0.48358017,0.42921764,0.083547845,0.50778115,0.44398326,0.09290775,0.4611984,0.59829986,0.09211427,0.5297059,0.77643406,0.13512596,0.37335902,0.7945525,0.12840939,0.60230184,0.6727264,0.32594132,0.36346564,0.5924784,0.32224852,0.62878865,0.72556627,0.35972163,0.47803843,0.3071478,0.35776648,0.5195933,0.21351908,0.40548918,0.4314127,0.6220446,0.40298885,0.56346273,0.6748112,0.67219377,0.37301415,0.50861573,0.6565301,0.6159622,0.5767528,0.9645545,0.3664354,0.7669778,0.96019495,0.6331919,0.6081068,6
7,0.10946815,0.49544644,0.54570097,0.103131935,0.48040664,0.4454425,0.10277787,0.50493526,0.4808937,0.110574216,0.46134207,0.55693007,0.11073084,0.527361,0.7096926,0.15541965,0.3725031,0.7576841,0.15420641,0.6059887,0.86644566,0.33949715,0.36534518,0.621149,0.33534133,0.6300573,0.71542704,0.39490986,0.4570955,0.32803798,0.38258135,0.52609867,0.3025574,0.4053157,0.43070722,0.64541733,0.40395653,0.57667506,0.718462,0.67072,0.37139854,0.537451,0.65700483,0.6133396,0.51140726,0.964323,0.3689534,0.75035775,0.9701811,0.6299918,0.62799764,7
8,0.12075346,0.4966111,0.44829237,0.11800724,0.4826613,0.52923447,0.1197676,0.506634,0.5569595,0.12812321,0.46076486,0.5843353,0.13002667,0.5290166,0.55963457,0.16969335,0.36806852,0.6668402,0.16683155,0.6053829,0.7786168,0.35820442,0.36747167,0.7430169,0.3443775,0.6287833,0.89574474,0.44010448,0.45016786,0.30266288,0.43535146,0.53683984,0.29339284,0.4106816,0.42838272,0.59758717,0.41295564,0.5783266,0.6635152,0.6694407,0.37291628,0.6032682,0.6599628,0.61352193,0.570242,0.9608354,0.36883664,0.80311286,0.96059227,0.63275075,0.49106994,8
9,0.13960475,0.49572742,0.4808491,0.1336267,0.48332176,0.5127528,0.13660589,0.50555223,0.54048365,0.14249973,0.46585688,0.6913102,0.14738223,0.5262538,0.63389754,0.18581113,0.37029573,0.66044307,0.18698752,0.60463023,0.74953115,0.36945924,0.36679587,0.6740749,0.36365384,0.63090855,0.65307033,0.45407826,0.4335279,0.3350651,0.4443843,0.5363691,0.2705448,0.42444405,0.43541726,0.6647756,0.42287695,0.57353365,0.64244074,0.66878045,0.37222815,0.65470177,0.66195244,0.6151302,0.60875416,0.9601642,0.3718084,0.7908337,0.9671697,0.6291151,0.604384,9
10,0.16345623,0.49527758,0.4221664,0.16150267,0.48221236,0.51496756,0.16262849,0.5063857,0.54202884,0.17066924,0.4623546,0.57185024,0.17212972,0.53067154,0.5536245,0.20489603,0.36787483,0.63186145,0.20830575,0.60706824,0.66206634,0.38709557,0.36761746,0.6350212,0.37406763,0.62974113,0.7189838,0.47425008,0.42906353,0.33930287,0.4702381,0.56477106,0.30682808,0.43740726,0.4300196,0.52471983,0.43607736,0.5843896,0.62228113,0.67012155,0.37264165,0.6761005,0.66924995,0.61884534,0.6003132,0.95845723,0.36626348,0.58557177,0.9601609,0.6336745,0.47570312,10
11,0.18287858,0.49515566,0.51478016,0.17607537,0.48087627,0.5109807,0.17939988,0.5075278,0.5248425,0.1857748,0.4596064,0.60067165,0.18894546,0.53146243,0.6373006,0.21855342,0.37022233,0.56018245,0.22180346,0.6087662,0.65248466,0.4058617,0.36770797,0.6560524,0.38634682,0.6313433,0.6301719,0.48700926,0.4171098,0.3326183,0.49275392,0.58839667,0.33916008,0.45891508,0.4219095,0.6551922,0.45030063,0.581874,0.6939026,0.6707994,0.37298688,0.68789226,0.66531146,0.6192957,0.64253986,0.95474505,0.3657967,0.64354366,0.95436513,0.6351261,0.5670766,11
12,0.19615833,0.49943155,0.5035292,0.19048879,0.48331282,0.43137547,0.19464704,0.51440614,0.47559023,0.20361702,0.45992216,0.6094584,0.20738438,0.5377863,0.7106046,0.23783408,0.37255758,0.56865877,0.24551708,0.6098676,0.83348805,0.41599616,0.36827683,0.65278786,0.4085954,0.63390535,0.67063236,0.5002888,0.4057951,0.2839083,0.513565,0.6103637,0.27111083,0.4654803,0.4244952,0.7253051,0.45965767,0.5949211,0.7241664,0.6785046,0.3738205,0.6191734,0.6739058,0.6199404,0.71706074,0.94946253,0.3644545,0.6866205,0.96321696,0.6298065,0.61046267,12
13,0.2116377,0.49798867,0.49589798,0.20296574,0.48403355,0.5197159,0.20758066,0.5122714,0.49498996,0.21422158,0.46217427,0.5995475,0.21802638,0.5373018,0.712047,0.26017845,0.37100744,0.74627006,0.26267287,0.6102915,0.8644498,0.44506073,0.36750123,0.62959695,0.43193227,0.6348583,0.6122336,0.55366594,0.3938615,0.3615395,0.5519154,0.62086284,0.21780793,0.47529012,0.43225724,0.6042879,0.4713781,0.5966222,0.75188214,0.6864494,0.37339935,0.65264666,0.69334954,0.62138176,0.6192882,0.9536389,0.36509928,0.6622719,0.956735,0.63143486,0.5689839,13
14,0.23330846,0.4974252,0.55584776,0.22650304,0.47968516,0.39291698,0.22723542,0.5088266,0.44634148,0.23348998,0.46164286,0.533729,0.23280452,0.5330559,0.6289168,0.2729656,0.37947163,0.61194277,0.27620924,0.6036483,0.8237457,0.45690724,0.36944002,0.53104556,0.45101482,0.63151574,0.4037902,0.54632634,0.3889473,0.18059511,0.5794357,0.62616074,0.19118167,0.4946041,0.43485218,0.69170904,0.48822862,0.59947336,0.7472774,0.7018033,0.37002763,0.6436499,0.7048429,0.6211946,0.6757331,0.9514401,0.36734554,0.7081276,0.96249545,0.6261616,0.64878654,14
15,0.25469407,0.49674243,0.54183084,0.2489337,0.48259386,0.4821314,0.24847016,0.5088179,0.4576284,0.25740492,0.45971376,0.47838122,0.2541369,0.53707206,0.6202405,0.29407215,0.37777287,0.8306271,0.291618,0.60246515,0.7556535,0.47725165,0.3676591,0.6580024,0.47373784,0.635138,0.54996455,0.55262095,0.38751277,0.22254995,0.5932482,0.6275573,0.22573137,0.5089402,0.43500257,0.7303534,0.5067489,0.5999354,0.7600262,0.71143043,0.37675005,0.7259308,0.7157683,0.6232513,0.7293333,0.9502863,0.36745474,0.73313814,0.9459661,0.6371417,0.580108,15
16,0.27390507,0.49953818,0.436855,0.26742828,0.48237246,0.37544385,0.26735774,0.5142322,0.32163256,0.2776225,0.4577474,0.424498,0.2720986,0.5400362,0.42403308,0.30632138,0.3753259,0.70143247,0.3128094,0.60976285,0.7709581,0.48980612,0.36771297,0.5465658,0.49202082,0.64152384,0.7083132,0.5612045,0.39718133,0.1843974,0.6004275,0.628418,0.2415423,0.5126645,0.4337523,0.645648,0.5098064,0.6009732,0.7683314,0.70665026,0.377343,0.649225,0.71635866,0.6248952,0.6938143,0.95816416,0.36178884,0.75034285,0.91977924,0.6388562,0.35514432,16
17,0.28486544,0.501153,0.3707462,0.28101674,0.48551294,0.52952534,0.28112283,0.5142065,0.46275723,0.29075927,0.45946926,0.6114708,0.28898817,0.5401057,0.68702894,0.32419446,0.37632406,0.7674599,0.32248557,0.6023578,0.6234385,0.4912293,0.3720823,0.38489673,0.50331694,0.6386502,0.6476378,0.5572489,0.38938153,0.18739219,0.6122191,0.6319406,0.2295521,0.5279836,0.44916257,0.60723746,0.5269856,0.6048945,0.7377447,0.7132484,0.37663147,0.70402575,0.72591156,0.62948215,0.67332983,0.95187426,0.35937282,0.7239312,0.91251653,0.65288633,0.35256562,17
18,0.30330884,0.49694544,0.41257587,0.29346687,0.48691934,0.44143558,0.2953493,0.51083827,0.53759134,0.30016023,0.46526146,0.59495556,0.30068052,0.5355982,0.7461833,0.3348878,0.38020346,0.74981755,0.33649343,0.5996617,0.544531,0.5069744,0.36542314,0.5309209,0.5090993,0.6377669,0.6104944,0.5475253,0.39515448,0.273215,0.58724695,0.6260152,0.1479455,0.5545879,0.44474718,0.70665526,0.5515579,0.6017487,0.77705896,0.72338784,0.37214136,0.6729971,0.737733,0.63054276,0.5489768,0.9475244,0.36626026,0.6889497,0.9267761,0.64717376,0.42563146,18
19,0.30863458,0.49913213,0.4495311,0.30136532,0.4851653,0.5506978,0.3028,0.5064734,0.52427906,0.30860043,0.47013864,0.7129277,0.30946898,0.5291679,0.6843946,0.34828883,0.38791054,0.68923163,0.34780034,0.58890283,0.8203238,0.5244786,0.37138563,0.56002295,0.5231719,0.64138484,0.5995008,0.5654305,0.39246497,0.26375955,0.58542657,0.6198106,0.19816637,0.61428714,0.44039333,0.6882317,0.6159947,0.6011652,0.69483835,0.70344603,0.3580293,0.4225631,0.7329866,0.6345965,0.26976883,0.94753236,0.36050305,0.67698073,0.9278368,0.6506667,0.31785372,19
20,0.32040447,0.4945091,0.6172962,0.31378573,0.4806652,0.4325826,0.31446743,0.5046624,0.40555376,0.32427928,0.4617548,0.6203694,0.32566327,0.52913123,0.724342,0.3622299,0.37773055,0.65883523,0.3611183,0.5912267,0.8036932,0.54048574,0.3671746,0.57075095,0.53127813,0.6438104,0.68272066,0.5846579,0.399903,0.22675017,0.60504735,0.6300755,0.25744876,0.63413537,0.43332142,0.44265804,0.6334002,0.59700346,0.49853793,0.68356943,0.35757038,0.33912763,0.7032098,0.63238,0.30465478,0.9521637,0.36313164,0.6996391,0.924323,0.65224886,0.37119114,20
21,0.333847,0.4970262,0.51426005,0.32710004,0.48116338,0.4717048,0.32936716,0.5083164,0.5129365,0.3336748,0.46061015,0.5164341,0.3348027,0.5347379,0.62976766,0.37944564,0.37065455,0.7535977,0.37712294,0.6025233,0.67763567,0.55426586,0.36188537,0.49998662,0.55129004,0.64272094,0.5008484,0.59190077,0.41276214,0.21958259,0.613709,0.60659266,0.23369783,0.65593547,0.4302631,0.5120062,0.65499645,0.5962314,0.4831577,0.7224858,0.35642624,0.34491917,0.728652,0.64022714,0.3472754,0.9497947,0.36206353,0.72342855,0.92613745,0.6528702,0.38051766,21
22,0.3517433,0.4962278,0.47633144,0.34387562,0.47913295,0.45372593,0.34571695,0.5076326,0.48899648,0.34744522,0.45805687,0.6602992,0.34987924,0.5329293,0.7258145,0.38906822,0.3753602,0.6948432,0.38712114,0.6033759,0.5693872,0.56599855,0.36121774,0.5421537,0.5545503,0.6414473,0.5688094,0.5863051,0.4298483,0.27356914,0.6218764,0.6100309,0.20044371,0.6734803,0.4303747,0.5256549,0.67030257,0.6019696,0.50847703,0.72519207,0.34960514,0.4011289,0.742996,0.6553761,0.3238941,0.9568173,0.3668869,0.6118766,0.8727495,0.6551908,0.22857095,22
23,0.36301273,0.4955631,0.6045342,0.3528467,0.47834933,0.3971387,0.3528356,0.50645745,0.42736235,0.36191687,0.45588207,0.65598106,0.36104068,0.53350985,0.68911827,0.4087604,0.36833483,0.7782291,0.4096206,0.6094298,0.7755239,0.5781267,0.35546148,0.44512123,0.5867101,0.64018416,0.53541934,0.5990443,0.41889125,0.24932013,0.6340424,0.616045,0.18277569,0.65939003,0.4269594,0.37258804,0.65668446,0.6037502,0.40686768,0.7012992,0.34796616,0.34566155,0.67876685,0.6493349,0.28637987,0.95399225,0.37129053,0.6380029,0.83682084,0.6514125,0.13955304,23
24,0.37235758,0.49752054,0.45616457,0.36370265,0.47860426,0.44777134,0.36434346,0.5084023,0.42821643,0.3692708,0.4562802,0.662423,0.37081096,0.5334566,0.7005155,0.4204551,0.37127542,0.72267747,0.42279565,0.6097709,0.7183565,0.59697825,0.3555468,0.43988985,0.6045906,0.6436379,0.6580709,0.586062,0.43631983,0.25363284,0.6220292,0.59187174,0.14591348,0.70262146,0.43831694,0.33458638,0.6984803,0.60755,0.4340914,0.6860783,0.3450156,0.3601717,0.6804363,0.64735,0.31605178,0.9584613,0.36754796,0.54101896,0.851751,0.65729916,0.21912508,24
25,0.37765968,0.4982544,0.5735312,0.36918783,0.47998083,0.48143774,0.3682651,0.50851846,0.45264795,0.37742493,0.45474988,0.54169595,0.37797076,0.534663,0.5688362,0.43095502,0.37502497,0.7812219,0.43217552,0.60999244,0.7994602,0.6009896,0.35054538,0.507797,0.60973114,0.64559484,0.71264637,0.62023807,0.42419273,0.22413734,0.62479174,0.75671667,0.35362357,0.7054047,0.42847973,0.3406509,0.70041084,0.60482067,0.45215833,0.68868107,0.34474516,0.34834117,0.6897316,0.6455991,0.47226962,0.85964006,0.3638217,0.14162733,0.8556466,0.66505283,0.22570898,25
26,0.39032054,0.49785346,0.54824793,0.37704813,0.47836706,0.37435895,0.37574908,0.5083021,0.4137108,0.38797435,0.4564513,0.7001102,0.38576686,0.5378049,0.7402247,0.43673003,0.37589055,0.76122844,0.44413495,0.616655,0.66348684,0.62322885,0.34938115,0.49533638,0.61792266,0.64722866,0.61942786,0.6369067,0.4307482,0.16812183,0.6142783,0.7619988,0.46693492,0.7597667,0.43456113,0.4974994,0.7426864,0.61089563,0.493623,0.6547345,0.3358514,0.44199026,0.6849393,0.6415346,0.50997865,0.95408076,0.3669917,0.56390435,0.86369675,0.6483172,0.24905622,26
27,0.39787173,0.49749583,0.5896496,0.38669515,0.47766304,0.44750717,0.38739687,0.5088828,0.4864847,0.3969664,0.45600694,0.5838589,0.39520967,0.53713506,0.6491946,0.44134068,0.3775601,0.59001184,0.44951892,0.609304,0.830082,0.62538284,0.35203025,0.48299015,0.6206181,0.64978707,0.8355255,0.66860306,0.40212798,0.12280324,0.61202,0.7614748,0.5818809,0.76528305,0.4347245,0.47607976,0.75360787,0.6043807,0.5417141,0.65960723,0.37047085,0.32024008,0.6762108,0.63764614,0.45540926,0.8466503,0.354346,0.14608301,0.8542139,0.644206,0.16099569,27
28,0.40550146,0.5017086,0.52226377,0.39290422,0.48450541,0.45858878,0.39311224,0.5127011,0.45610362,0.40257168,0.46127397,0.61184263,0.40287894,0.54377913,0.64292276,0.45300767,0.3742221,0.7007524,0.46029124,0.6150768,0.64692605,0.6427514,0.3516893,0.5021237,0.62824345,0.6519805,0.79294074,0.6903224,0.3973386,0.14136712,0.6056024,0.7657726,0.4784707,0.76453507,0.42721224,0.43774575,0.74554634,0.5936918,0.3749729,0.6790743,0.37009013,0.29359752,0.6723268,0.6454415,0.31768563,0.87134737,0.3623622,0.23659377,0.9147521,0.6308224,0.32086864,28
29,0.41715455,0.49801034,0.32929203,0.40577456,0.48405892,0.48202848,0.40734458,0.5141103,0.46284214,0.41235286,0.46050072,0.57932377,0.4147588,0.5423151,0.6109798,0.46455598,0.3746183,0.76055646,0.46493515,0.6142717,0.6526834,0.6405767,0.3558354,0.45442522,0.6268358,0.6511538,0.7751824,0.68522024,0.4164334,0.14596409,0.607648,0.7643423,0.4668189,0.79019105,0.42221606,0.57567024,0.76273483,0.5960659,0.39007297,0.7396237,0.36597657,0.23783292,0.7284936,0.6356678,0.33057007,0.9468135,0.36795744,0.4078161,0.8962723,0.6018614,0.120775335,29
30,0.4240833,0.49715954,0.5751293,0.41526362,0.4789221,0.42498702,0.41522187,0.5101868,0.4141235,0.42521232,0.45297942,0.64676905,0.42452192,0.5431148,0.61122143,0.47084606,0.3762409,0.7032031,0.47193047,0.6166011,0.734153,0.6550869,0.35618302,0.47461402,0.63185525,0.65151954,0.78496265,0.66087943,0.43284857,0.12167871,0.60636085,0.7646565,0.4849498,0.8054744,0.41805646,0.45424563,0.80774134,0.5961633,0.534925,0.7850933,0.38213405,0.18875664,0.76547253,0.6300518,0.17605503,0.9282875,0.3712458,0.32195157,0.93605626,0.6012429,0.15599188,30
31,0.4364309,0.49616265,0.3584409,0.424281,0.48013934,0.4554854,0.42651185,0.5123819,0.4759505,0.43211478,0.45622414,0.6590925,0.43266863,0.53927314,0.69802624,0.47537395,0.3788817,0.7225164,0.47316462,0.6093165,0.47910964,0.65855694,0.35556647,0.5089821,0.63302714,0.6509663,0.81399995,0.6356629,0.43674207,0.11586687,0.60405296,0.76445436,0.48266327,0.8190199,0.416327,0.54252994,0.82755613,0.5945821,0.5893657,0.79167175,0.37719572,0.28499243,0.7874376,0.63311654,0.22076893,0.9110246,0.3677219,0.18265735,0.9435438,0.59900963,0.1868995,31
32,0.4343989,0.49683052,0.38497338,0.42630863,0.4792691,0.43177223,0.42658138,0.509562,0.41670197,0.43564564,0.45340776,0.6115602,0.43578202,0.536099,0.6889733,0.48781306,0.37920567,0.75051624,0.4798401,0.6045983,0.6872984,0.6608479,0.35009524,0.5211246,0.6348478,0.6509733,0.7918513,0.68875384,0.416915,0.11765617,0.59935224,0.7667622,0.26641527,0.8115436,0.41808784,0.3927592,0.82543814,0.596867,0.57177037,0.81458235,0.3756351,0.25369394,0.80252945,0.63587034,0.21351612,0.93146634,0.37122363,0.16818373,0.94645184,0.60594666,0.20297216,32
33,0.436005,0.495864,0.48376063,0.42746288,0.47822845,0.42147353,0.42847896,0.5080806,0.3857361,0.43809554,0.452458,0.54603946,0.43941197,0.5345473,0.60600543,0.48758885,0.3802337,0.56343496,0.48513347,0.6061422,0.70794576,0.66450894,0.34621757,0.44908297,0.63812876,0.6479604,0.7628045,0.6635298,0.4322769,0.14804342,0.5960199,0.7674376,0.16160706,0.832646,0.40951738,0.56494653,0.83361,0.5956411,0.50751567,0.84716284,0.38092333,0.24056311,0.84390944,0.6360967,0.21395764,0.9530364,0.38505387,0.13151166,0.9494537,0.6154869,0.175165,33
34,0.43804893,0.4974898,0.52994454,0.42988586,0.47986835,0.44628826,0.4309337,0.5092218,0.44200268,0.4392125,0.45311067,0.572578,0.44062942,0.53532976,0.5976168,0.49192366,0.37778687,0.74975514,0.48133743,0.6062498,0.6928488,0.6652115,0.34752044,0.4819737,0.63718045,0.6481745,0.77728295,0.6867389,0.41963708,0.12406582,0.598888,0.7709304,0.2014157,0.8222031,0.41313648,0.49375868,0.8282663,0.5982686,0.56534207,0.81380093,0.37654516,0.31578243,0.80033535,0.6362161,0.26577207,0.9424039,0.38362962,0.19539887,0.94827414,0.6048874,0.17946321,34
35,0.43770105,0.4972191,0.5477427,0.42981094,0.47940767,0.46639848,0.43015775,0.5087501,0.46050996,0.43891323,0.45354444,0.57931304,0.4400465,0.53581065,0.6080086,0.49293834,0.37786803,0.76084185,0.48345155,0.60911155,0.7486331,0.66528016,0.34583956,0.48359233,0.63790107,0.65098125,0.783286,0.6844963,0.41990584,0.12387793,0.6043458,0.77218485,0.29391837,0.82100964,0.41512832,0.51289093,0.8267233,0.5986869,0.59013176,0.8128642,0.37479898,0.31700638,0.79563016,0.63563013,0.31723565,0.9423453,0.38227928,0.21852662,0.95104766,0.6066054,0.2231127,35
36,0.43711933,0.49597585,0.55054116,0.42857623,0.47851694,0.50633705,0.42976993,0.5077529,0.4704724,0.43843648,0.45278975,0.58602107,0.4405225,0.5351869,0.60602057,0.48453337,0.3766663,0.58708,0.4827231,0.6086694,0.7489879,0.664123,0.34467334,0.51121116,0.6363736,0.652441,0.77816373,0.6583196,0.43108743,0.15882707,0.6066332,0.7737448,0.3217754,0.82326716,0.41509268,0.5080308,0.82662475,0.5977942,0.5864007,0.8117542,0.37409812,0.3243008,0.7969255,0.6378877,0.2786471,0.87316084,0.3702935,0.105059035,0.95229715,0.62351406,0.31438142,36
37,0.43544835,0.4961149,0.4985288,0.42734164,0.47886598,0.42286006,0.42855725,0.50814277,0.388814,0.43853277,0.4534044,0.5167028,0.44032222,0.5340279,0.56869847,0.49338135,0.3781831,0.7081329,0.48352498,0.60399765,0.711645,0.6662394,0.34614873,0.49401855,0.635005,0.6542218,0.74511623,0.68642735,0.4185667,0.1256594,0.604186,0.77216136,0.31892163,0.82407415,0.4130224,0.4709732,0.83060163,0.59406406,0.5102221,0.84644055,0.37325984,0.25695762,0.84067005,0.6388802,0.20485638,0.9555285,0.38738298,0.15122911,0.953675,0.6183273,0.19586177,37
38,0.4360796,0.49672395,0.52486646,0.42856595,0.47917148,0.46815023,0.4287072,0.50895905,0.45203096,0.437262,0.45433104,0.58862424,0.43737566,0.53669316,0.66476643,0.48807746,0.37726408,0.77850527,0.47854114,0.60702,0.70521706,0.6625432,0.34627998,0.55099547,0.63412917,0.65539324,0.7792247,0.71234334,0.41032737,0.1422692,0.60735345,0.7733648,0.4200906,0.8183099,0.41523707,0.55022824,0.8257483,0.59721464,0.5819881,0.8118617,0.3686394,0.285892,0.79637456,0.6383272,0.26529944,0.93574846,0.37201637,0.1742492,0.95327795,0.6163889,0.24884385,38
39,0.4361003,0.49695,0.5004779,0.4283591,0.47922397,0.46222734,0.4284206,0.5088073,0.4427276,0.4359096,0.4547301,0.60104495,0.43624467,0.5358471,0.6919312,0.48738164,0.37338626,0.74654585,0.4775928,0.60468954,0.68352234,0.6621083,0.3469741,0.5315722,0.6327821,0.65612376,0.7727537,0.7108764,0.40806505,0.13547316,0.60651666,0.77262276,0.39892378,0.8113329,0.41555652,0.41304857,0.82554185,0.5957774,0.5737999,0.8113253,0.37427074,0.28082636,0.79970497,0.6371893,0.21911524,0.93338794,0.37323043,0.1642754,0.95477426,0.6105896,0.23442608,39
40,0.43742764,0.4966985,0.47503453,0.42899328,0.47913927,0.3922053,0.42958412,0.5086186,0.36239722,0.43546343,0.45466816,0.5612893,0.43754447,0.5358198,0.6480302,0.48944068,0.3745886,0.7300993,0.480509,0.60356534,0.66007066,0.6611033,0.35011685,0.4926499,0.6313946,0.6574015,0.7389786,0.7117131,0.40579647,0.13775373,0.60646486,0.76942384,0.3564303,0.80525994,0.41636345,0.44023538,0.8115698,0.5929083,0.47492203,0.8244251,0.36987528,0.20650226,0.7986497,0.6376402,0.21135373,0.93906915,0.3772192,0.3058591,0.94324684,0.6146157,0.30692434,40
41,0.43689013,0.4968971,0.43249848,0.42835176,0.47906184,0.372553,0.42911732,0.50894314,0.3462155,0.43528613,0.45439526,0.57552963,0.43763885,0.5362114,0.6530303,0.4900763,0.37508607,0.70597994,0.48202038,0.6020094,0.6582348,0.6622293,0.3503446,0.47262344,0.63262093,0.6565243,0.73703414,0.7140476,0.4077282,0.13880925,0.60561764,0.76915616,0.30985427,0.8158462,0.41315687,0.543044,0.8235879,0.5940609,0.55793846,0.84708184,0.3728523,0.23651506,0.82395613,0.636968,0.18981516,0.9402208,0.38159567,0.27625197,0.94853866,0.61118793,0.27425668,41
42,0.4369257,0.4964727,0.4026364,0.42810732,0.47914836,0.33509558,0.42947775,0.50883543,0.30777723,0.43662477,0.45391202,0.5167674,0.43877375,0.5361851,0.60284775,0.49493465,0.3750685,0.68195426,0.48318648,0.60111755,0.63045096,0.664242,0.34898067,0.47341272,0.6321719,0.6575488,0.74189407,0.7391634,0.38719296,0.15482675,0.6050298,0.77124304,0.27626702,0.8194622,0.4122102,0.49946436,0.81879634,0.5939387,0.4164613,0.84155846,0.37109512,0.2424078,0.840006,0.6368531,0.21729226,0.9665705,0.37933728,0.35357854,0.9653059,0.6247058,0.32410204,42
43,0.43549854,0.4970814,0.48674765,0.42628038,0.47740385,0.4273165,0.42923182,0.50908387,0.42657956,0.43495306,0.45954353,0.5074382,0.4393118,0.5347431,0.6097038,0.4911953,0.37469333,0.73157907,0.4824588,0.6034745,0.67483515,0.66190225,0.35154605,0.46127483,0.63172853,0.6572493,0.764493,0.6906659,0.41618335,0.103175916,0.6038809,0.7718486,0.36946288,0.8181015,0.41389602,0.5283808,0.8271638,0.5924777,0.5457162,0.82582635,0.3710053,0.22923137,0.7967503,0.6377043,0.24428354,0.9473044,0.38391456,0.3082958,0.9548799,0.61962634,0.31321344,43
44,0.43829998,0.49579245,0.48299244,0.43009824,0.47912246,0.41970548,0.43182105,0.50676423,0.39760566,0.4380394,0.4547646,0.50641704,0.44108903,0.53235483,0.5903748,0.49102706,0.37824178,0.73330855,0.48247027,0.60237646,0.65569335,0.66412306,0.3519076,0.43842047,0.63313115,0.6553144,0.76425123,0.6936015,0.41705734,0.1047387,0.60474014,0.7729582,0.3558476,0.81831664,0.41157493,0.53776956,0.82849425,0.5915767,0.5382293,0.841387,0.37803006,0.279369,0.7993628,0.6347623,0.27694705,0.95134777,0.38684106,0.23712234,0.9502733,0.6132294,0.3234157,44
45,0.43529162,0.4959426,0.4153668,0.42856404,0.47739375,0.45754594,0.42887837,0.50720334,0.49200955,0.43984342,0.4587468,0.494854,0.43939412,0.53199285,0.6435122,0.48828554,0.37313092,0.74101686,0.4790157,0.60664684,0.686471,0.66341347,0.34969574,0.51143247,0.6363039,0.6522831,0.7984971,0.71494216,0.4117701,0.12211116,0.60450923,0.7727848,0.31455606,0.81541294,0.41178095,0.5847291,0.82281065,0.5940805,0.60009027,0.7966923,0.37510723,0.30029866,0.7773606,0.63699466,0.36590365,0.9380443,0.37559003,0.21672484,0.9527159,0.6171913,0.37622878,45
46,0.44187796,0.49584532,0.57408166,0.43430018,0.47487718,0.4147168,0.43400353,0.5047046,0.5108396,0.44454917,0.4573251,0.4072058,0.44378334,0.5309589,0.66051525,0.49174222,0.37383315,0.7480403,0.48035774,0.6031502,0.6958703,0.66656613,0.34964818,0.5265119,0.63548434,0.65289056,0.77752334,0.71910894,0.39962372,0.106366575,0.60524714,0.77324724,0.3312497,0.8284845,0.40925413,0.6086451,0.8286263,0.5918745,0.54702353,0.8094816,0.37679964,0.20216106,0.77701604,0.636135,0.35775992,0.93860793,0.37405837,0.2231349,0.9547256,0.60769284,0.31897166,46
47,0.4410643,0.49740133,0.55862856,0.43308216,0.47778803,0.4351192,0.43292162,0.5068408,0.5015874,0.44381237,0.4589017,0.40366402,0.44441205,0.5335709,0.5465872,0.490525,0.37404674,0.7410747,0.480932,0.6095308,0.7172829,0.66663563,0.35004866,0.50780565,0.637081,0.65303814,0.7829814,0.73823065,0.39708012,0.1425711,0.6012755,0.7739483,0.21074687,0.8204999,0.41154012,0.5246576,0.82710785,0.5915489,0.5509893,0.79744756,0.3735156,0.29028168,0.77509016,0.6354255,0.37850487,0.9165611,0.37827104,0.19783412,0.94786584,0.60737187,0.3232219,47
48,0.44040877,0.49896526,0.5037377,0.4335981,0.48027414,0.4677732,0.43176684,0.507718,0.50815284,0.44604442,0.46168527,0.5160658,0.4444613,0.5349702,0.680446,0.49029252,0.37380874,0.5864502,0.48358187,0.61189723,0.7660448,0.6677374,0.3515776,0.48699307,0.6417603,0.6504358,0.80726695,0.73635757,0.4100862,0.16638038,0.59848624,0.7712928,0.18731579,0.8316511,0.4099146,0.60280854,0.83103573,0.5928794,0.5279056,0.79230964,0.38243985,0.20879653,0.7609598,0.63372815,0.41372934,0.8741676,0.38618362,0.16453584,0.9510769,0.5996459,0.37372142,48
49,0.44234872,0.49831614,0.49696258,0.43371934,0.480064,0.44467932,0.43222028,0.506756,0.47191393,0.4447933,0.46092415,0.36000037,0.44283125,0.53016037,0.5652423,0.48620504,0.37934563,0.5696771,0.4824897,0.6032206,0.7086241,0.6635423,0.3543561,0.3930161,0.63755345,0.65509105,0.7903223,0.7147709,0.415478,0.11396901,0.6050198,0.7714864,0.32803446,0.83401203,0.41546664,0.5557436,0.8444264,0.5913578,0.57276595,0.7916659,0.38564557,0.22261707,0.7620706,0.63649046,0.38738257,0.90392447,0.37677366,0.1324842,0.9549174,0.60677874,0.2982226,49
50,0.44047004,0.49746105,0.49214822,0.43204808,0.47885582,0.47362682,0.431403,0.5059,0.5021726,0.44523507,0.45971102,0.44564772,0.4419304,0.5301851,0.65785336,0.48904213,0.3792238,0.6293113,0.48421547,0.6037051,0.7255182,0.66636735,0.35262543,0.4887849,0.6380954,0.6560205,0.7890012,0.73671937,0.40901527,0.14291315,0.6042074,0.7737095,0.30058312,0.82509106,0.41700882,0.46629885,0.83329487,0.5923419,0.50842154,0.8088705,0.3776167,0.2180022,0.79408586,0.6384348,0.3574162,0.93731713,0.37535152,0.20354341,0.9570807,0.6061636,0.3036171,50
51,0.43941027,0.4966691,0.44969612,0.43086335,0.47670373,0.3788401,0.43120784,0.5051246,0.41086975,0.44510806,0.45811862,0.41517112,0.44249234,0.5291828,0.6083063,0.49348927,0.38102207,0.640365,0.48831606,0.6009982,0.6822808,0.6654862,0.35005257,0.4211833,0.6363483,0.65801287,0.76669514,0.71328443,0.4132576,0.118301734,0.6058775,0.7750358,0.3503283,0.8262503,0.4146013,0.44089183,0.8443724,0.5928701,0.57650125,0.81055176,0.3768936,0.33708152,0.7949044,0.63844657,0.32873902,0.94380546,0.38699397,0.20822969,0.9590673,0.6164726,0.33115226,51
52,0.4390893,0.497711,0.45047018,0.43089592,0.4786434,0.45044327,0.43149397,0.50579447,0.45892262,0.44494936,0.4597349,0.46304777,0.44384786,0.5295419,0.6433556,0.48986346,0.38137206,0.6103595,0.4863708,0.60336775,0.7136345,0.66638106,0.35088325,0.41853207,0.63829124,0.6593375,0.76105326,0.73285604,0.41371047,0.15922412,0.6055211,0.77763265,0.2879589,0.8246373,0.41534394,0.45565844,0.83335674,0.59297717,0.49778995,0.82319605,0.37687835,0.20362285,0.7955637,0.63873196,0.34432036,0.9401039,0.37740776,0.19980417,0.9588899,0.60380876,0.31077445,52
53,0.43847844,0.49739188,0.36732298,0.4293694,0.47822624,0.3602835,0.4306615,0.5060688,0.34240812,0.4429123,0.45862824,0.44943303,0.44270384,0.5270785,0.5249233,0.49465606,0.38380393,0.6147443,0.4908908,0.6002104,0.63932085,0.6628654,0.35874683,0.3769553,0.6377315,0.6593464,0.7171149,0.73225355,0.4127725,0.16914731,0.6072819,0.7754859,0.25724968,0.8141176,0.41645783,0.34025046,0.8332286,0.5907823,0.47324038,0.86134404,0.38371545,0.22250484,0.8116805,0.6410661,0.28420705,0.9673395,0.3802341,0.3498962,0.9551908,0.61228895,0.32109854,53
54,0.44251966,0.5007957,0.42584148,0.43206245,0.48297364,0.40241387,0.43239367,0.5084439,0.38046196,0.4439122,0.46222052,0.4137663,0.4433764,0.5307321,0.518552,0.49470478,0.38463217,0.62458515,0.4883681,0.5993832,0.62556,0.66131204,0.36076486,0.3757707,0.6352875,0.6592326,0.70494676,0.71606815,0.41496712,0.12352073,0.6065328,0.77365685,0.2809965,0.82201195,0.4141162,0.48686185,0.8317634,0.59097636,0.5006163,0.84506905,0.38213775,0.18378174,0.79592395,0.640082,0.3288185,0.95811903,0.38914055,0.18042465,0.96195644,0.6150753,0.30038932,54
55,0.44241259,0.50053394,0.46971002,0.43277666,0.4830864,0.4584547,0.4327086,0.50882083,0.43922406,0.4427,0.46624932,0.5951845,0.44366714,0.5330956,0.51580197,0.49109167,0.3847397,0.60581464,0.48693046,0.60181564,0.69507664,0.6601933,0.36189234,0.40957624,0.63746107,0.65811694,0.733867,0.6857095,0.4208508,0.096557796,0.60750014,0.7739579,0.3118171,0.8235587,0.41921958,0.501086,0.8432292,0.5919908,0.580143,0.804515,0.38146943,0.2736055,0.77277875,0.63922083,0.40097517,0.9516329,0.38652635,0.23502015,0.9549918,0.60781586,0.29227155,55
56,0.44292092,0.4993329,0.3944078,0.43065247,0.48559397,0.5119593,0.43078327,0.51033556,0.44372717,0.44230518,0.46447572,0.4891747,0.44156992,0.53482556,0.5602782,0.48977384,0.38724345,0.5898199,0.48570615,0.6035459,0.72149575,0.6632088,0.36418876,0.39827135,0.6350566,0.6586025,0.7255554,0.68275493,0.42217213,0.1039652,0.6059716,0.77195394,0.360702,0.8252238,0.41492152,0.48301592,0.8440684,0.5920258,0.58079857,0.8266703,0.38197142,0.21185017,0.79417676,0.63976765,0.28178167,0.95451754,0.3829777,0.18452536,0.9602214,0.6200437,0.29850763,56
57,0.44111538,0.50102997,0.37626088,0.42843807,0.48758623,0.4612636,0.43019456,0.51284826,0.3164405,0.4374289,0.46786714,0.5615419,0.438702,0.5365234,0.59954476,0.49049494,0.39203832,0.5577191,0.48745507,0.604394,0.7182596,0.6664342,0.3637309,0.36328784,0.63641334,0.6599492,0.7003653,0.68799996,0.42175627,0.10497152,0.60596347,0.7735877,0.33353,0.8216697,0.4161194,0.5107325,0.8451884,0.5846429,0.54484975,0.8238367,0.38315064,0.18462785,0.78852844,0.63854647,0.28071985,0.9486636,0.38035953,0.22021396,0.9619323,0.60853434,0.24513361,57
58,0.45053264,0.50161594,0.33800426,0.43608055,0.4884084,0.28467822,0.43730128,0.5146542,0.26142696,0.44172078,0.46914324,0.51687264,0.44644174,0.5401844,0.5857753,0.49291986,0.39408618,0.5328789,0.48907018,0.6007507,0.6265733,0.6611252,0.3651042,0.4020029,0.6359694,0.6595286,0.51525223,0.70505774,0.41670084,0.104987904,0.6080904,0.77059144,0.25069535,0.809633,0.41629964,0.40609384,0.80610645,0.5869322,0.3186015,0.81039804,0.37874708,0.25185996,0.777514,0.6411941,0.31556845,0.94332135,0.38039386,0.2450595,0.9531085,0.62755173,0.33513758,58
59,0.43883443,0.4999636,0.27770573,0.42625427,0.48421118,0.3229471,0.42858672,0.5123137,0.23757985,0.43675095,0.46428737,0.54005265,0.43743253,0.53533894,0.5832584,0.4896664,0.39343613,0.5016074,0.48869538,0.60097116,0.62427765,0.665838,0.36320287,0.41678646,0.6420958,0.6601999,0.51034,0.71754545,0.41316986,0.14672819,0.72706527,0.6323645,0.113437004,0.8113579,0.41859668,0.35818946,0.80997485,0.589189,0.27682206,0.8406153,0.37264854,0.21576053,0.8419776,0.6431527,0.22214358,0.9509284,0.37754846,0.29007232,0.9638612,0.6305522,0.31683046,59
60,0.44024345,0.50276774,0.36706027,0.42912126,0.48854455,0.42865896,0.4307787,0.51543814,0.34726092,0.43592188,0.46883047,0.53390265,0.43731093,0.5398688,0.5626375,0.49250266,0.39350042,0.6869081,0.48419,0.60526395,0.66584563,0.6631937,0.36826825,0.42120758,0.64537,0.6577897,0.41367847,0.7276134,0.4049798,0.13260403,0.6171406,0.77481997,0.28137463,0.8084874,0.41956207,0.38063604,0.8083174,0.5884875,0.2897042,0.8429193,0.3654756,0.18047418,0.8221401,0.6555382,0.18912706,0.94492334,0.37516817,0.34737003,0.95080394,0.62533677,0.19708222,60
61,0.43679246,0.49976182,0.31587383,0.42402107,0.48782486,0.40488958,0.42611727,0.5167333,0.34320116,0.42982382,0.46860248,0.61022437,0.4322538,0.5423597,0.5989225,0.4829399,0.39560375,0.660697,0.47821185,0.6064348,0.6491069,0.6611947,0.36903566,0.47796324,0.6395853,0.6564053,0.56656134,0.69856906,0.4244424,0.13888708,0.7042726,0.6430311,0.111710675,0.79063046,0.43278134,0.33486962,0.79017586,0.5966014,0.26644656,0.82178235,0.3746478,0.17043148,0.8327438,0.6421518,0.118044056,0.94762504,0.3780763,0.33303013,0.9441621,0.632692,0.21197131,61
62,0.42952377,0.5028971,0.49512574,0.4169206,0.48880574,0.40295783,0.41687495,0.518533,0.36342382,0.4264234,0.46461052,0.5889019,0.42761064,0.54258865,0.60469246,0.46769616,0.3844033,0.6953566,0.4731352,0.61581135,0.8659518,0.6538261,0.36606213,0.57165223,0.6364696,0.6595781,0.69827646,0.6859393,0.41250825,0.11440729,0.6174506,0.7739619,0.4643603,0.7748946,0.4270113,0.3396928,0.7827794,0.59278417,0.37387156,0.71036667,0.38821584,0.2850033,0.7130693,0.6437087,0.46086776,0.89564174,0.3662783,0.283486,0.93610895,0.62399656,0.42081133,62
63,0.41826412,0.4992929,0.3706701,0.40957826,0.48819596,0.5799041,0.4091456,0.5180079,0.47403026,0.41537708,0.46338624,0.61842024,0.41637844,0.5423631,0.54660785,0.45209485,0.3836174,0.6925856,0.4594959,0.6136768,0.7971943,0.6391738,0.36583388,0.49392393,0.6282747,0.65408015,0.641209,0.6911775,0.4010677,0.12297468,0.61735,0.7738383,0.4681059,0.7271609,0.43500516,0.39591908,0.7117242,0.58972967,0.31942326,0.67445606,0.38432574,0.24424648,0.6872647,0.6535865,0.37076303,0.881382,0.36272216,0.4472643,0.91742766,0.64049315,0.20054671,63
64,0.40831912,0.5023558,0.47535363,0.39575014,0.48948416,0.43176687,0.3960994,0.51776767,0.3782279,0.40660018,0.46320456,0.5915826,0.40797052,0.543181,0.64913654,0.44820154,0.38024902,0.6970587,0.45775515,0.61422384,0.5974175,0.63142926,0.36482403,0.5392238,0.6259656,0.6515431,0.5576942,0.68512416,0.40264362,0.13940534,0.6753127,0.67907184,0.19308162,0.7588803,0.43848497,0.50568557,0.7449738,0.59858894,0.36950412,0.6726023,0.3686913,0.30360276,0.6881573,0.64927554,0.50568885,0.87397933,0.36422777,0.28743964,0.84193873,0.6408952,0.12993005,64
65,0.39702818,0.49962124,0.35767826,0.38883042,0.48770353,0.52022684,0.38805673,0.51837647,0.4644556,0.39847875,0.4616148,0.5491258,0.39637908,0.543507,0.49604458,0.44231933,0.3792008,0.81979895,0.4468491,0.6168976,0.64652765,0.6223296,0.36065364,0.46399546,0.6227759,0.6535268,0.5588703,0.64474124,0.41065127,0.11195406,0.6535638,0.6500691,0.1842465,0.7340913,0.44290358,0.52868545,0.7241703,0.6127755,0.41700348,0.6892394,0.36759925,0.271024,0.68443227,0.65573436,0.38363835,0.85090876,0.3643968,0.20434673,0.8391323,0.6537947,0.1652634,65
66,0.3885572,0.5007348,0.36859372,0.3754506,0.48775947,0.25662476,0.37514135,0.51643515,0.24755849,0.38138983,0.4647412,0.49244928,0.38103527,0.5394198,0.5111779,0.4282428,0.38765353,0.58808976,0.4352227,0.61053514,0.71176845,0.6157249,0.3554951,0.46749547,0.61357105,0.65964806,0.47915456,0.6182558,0.41678283,0.15697125,0.6343649,0.6351522,0.12538795,0.72024,0.44358644,0.6083199,0.7064316,0.6093037,0.5541538,0.70875895,0.3684216,0.30004954,0.7403029,0.65980256,0.22492358,0.9489212,0.37646914,0.45207953,0.85305333,0.6518429,0.3091234,66
67,0.38250467,0.5010041,0.36946094,0.37221155,0.4857112,0.35114282,0.37239358,0.51688075,0.36628672,0.3779224,0.45898825,0.4698297,0.37661013,0.5388308,0.4077899,0.4211213,0.3790807,0.6909107,0.42032498,0.60644895,0.625852,0.6009264,0.36129147,0.43138877,0.59653735,0.66053694,0.5359044,0.6126156,0.41736838,0.1460285,0.6252769,0.61536777,0.14234519,0.70905465,0.4472006,0.5769109,0.6992985,0.6176518,0.614751,0.69115466,0.3638301,0.4811408,0.69317055,0.67101765,0.27210632,0.94652146,0.3776176,0.5376201,0.8597757,0.6627399,0.36252236,67
68,0.3692848,0.50070953,0.3031452,0.3594101,0.48581696,0.30044058,0.36104834,0.51908517,0.29790306,0.36141822,0.46354228,0.4156147,0.36320633,0.54359084,0.5770565,0.41275895,0.38724527,0.60994303,0.4057687,0.60196126,0.6526581,0.59195256,0.3609745,0.44102985,0.5790608,0.66180784,0.57909274,0.67342657,0.39102274,0.120394774,0.62057745,0.6714787,0.18585427,0.68065304,0.45544967,0.57698834,0.6720311,0.62584835,0.5683425,0.6865086,0.36341745,0.4129266,0.71560144,0.67019033,0.22992447,0.9542719,0.36992902,0.48602134,0.8689741,0.66074276,0.2672658,68
69,0.35146862,0.5017615,0.31074545,0.3418445,0.48722255,0.35488757,0.34385917,0.5190711,0.31169933,0.34527904,0.46337843,0.47922513,0.34556243,0.54135346,0.48663408,0.39048976,0.38516375,0.56177986,0.38522363,0.6027181,0.6630601,0.5780934,0.37106377,0.4461257,0.55436444,0.6637788,0.5437548,0.64999557,0.39775658,0.097092874,0.6153273,0.65916127,0.19562292,0.65768826,0.4610488,0.61039966,0.6434831,0.62685096,0.5460229,0.7116153,0.3663071,0.38436082,0.75603044,0.6679024,0.30138436,0.9656107,0.3753227,0.45518473,0.90658104,0.66548276,0.29347745,69
70,0.33549774,0.50274515,0.35695222,0.32855958,0.48822886,0.36979276,0.3298318,0.5181734,0.3428621,0.33025628,0.4661402,0.5867414,0.33209178,0.5409117,0.3657913,0.3798252,0.38713902,0.70514154,0.36844677,0.59757304,0.61537105,0.5559026,0.3730197,0.49863702,0.5358323,0.6610882,0.68611753,0.5819645,0.41670138,0.1643966,0.5600074,0.60426635,0.17514582,0.62729764,0.46055079,0.5992536,0.6117615,0.62314695,0.5709733,0.7745744,0.37247652,0.34986508,0.7849154,0.6666433,0.41631147,0.9625275,0.37371188,0.3073734,0.9318154,0.6544864,0.16377412,70
71,0.32486397,0.5023196,0.33237377,0.3149134,0.4887517,0.37058675,0.31825995,0.51808375,0.30537704,0.31665748,0.47397208,0.44785812,0.32036716,0.54280734,0.50781125,0.36439905,0.39194664,0.447347,0.35685885,0.60024774,0.60824716,0.5491176,0.3767738,0.54301393,0.52289325,0.6619369,0.6427319,0.6040869,0.4106635,0.09597296,0.60554594,0.6442778,0.122278094,0.60763,0.46654353,0.58802736,0.5921489,0.62921214,0.6086346,0.7320105,0.38477227,0.27274764,0.74654764,0.67074245,0.44122913,0.95812,0.36820123,0.25505704,0.9016499,0.6610799,0.21480003,71
72,0.31106704,0.5011246,0.34800458,0.30168837,0.49013266,0.50824445,0.30481535,0.51806664,0.4192509,0.3070223,0.4709283,0.6738562,0.30986995,0.5418964,0.38470668,0.35587686,0.3878318,0.56308085,0.34430024,0.6025543,0.71675164,0.53601784,0.37657493,0.6284268,0.51639235,0.66094637,0.6956425,0.5935498,0.4102864,0.10461427,0.6036397,0.63021094,0.08363184,0.5892636,0.46868524,0.53115165,0.5788747,0.63509786,0.5734051,0.73216283,0.40247422,0.31621328,0.7340592,0.6677248,0.4802627,0.95622724,0.36698902,0.24884503,0.90285057,0.6578758,0.2331697,72
73,0.30080128,0.50066245,0.4631928,0.29179886,0.4831125,0.36514297,0.2944833,0.513533,0.33805725,0.29463726,0.46775222,0.4254527,0.29711026,0.5403568,0.41622993,0.33779562,0.39079592,0.71059567,0.3272522,0.6015184,0.59639657,0.515499,0.37790322,0.66392744,0.50499403,0.6635779,0.5617074,0.57558167,0.41542208,0.117574304,0.59112847,0.63832486,0.09645812,0.5629298,0.47251588,0.55621934,0.549225,0.63538176,0.61143136,0.69937956,0.41348588,0.4938207,0.72082675,0.67260075,0.4981268,0.8217065,0.4934001,0.2775542,0.91138667,0.66654354,0.38810694,73
74,0.29076755,0.4961831,0.25596964,0.2863592,0.4817408,0.265083,0.29018053,0.5126392,0.23756194,0.28749925,0.46759176,0.56031644,0.29250413,0.54238164,0.40031603,0.3268796,0.39415896,0.59765524,0.32214797,0.59948003,0.6077073,0.50276995,0.38634786,0.65219307,0.48488683,0.66458464,0.5139246,0.5555728,0.4145627,0.10807334,0.56378055,0.6356871,0.1098965,0.5456549,0.481524,0.60748535,0.53007007,0.6430918,0.47400904,0.7135872,0.40541035,0.4763346,0.72427267,0.6709727,0.47295505,0.95627856,0.37130126,0.4093873,0.92717385,0.6640043,0.36368862,74
75,0.28459847,0.4987759,0.3137565,0.27524465,0.48225665,0.2518335,0.28212738,0.51725054,0.23040257,0.27357766,0.46766257,0.32846355,0.28070384,0.5497119,0.5093912,0.3088131,0.3942016,0.55311626,0.30432552,0.6043835,0.57385874,0.48823988,0.3833632,0.757779,0.46950132,0.66298646,0.48448646,0.55601907,0.420575,0.06387705,0.57201666,0.6628084,0.13298847,0.5321997,0.48345003,0.60458684,0.51348734,0.6443503,0.49222624,0.7010624,0.40798843,0.48274377,0.7177328,0.6731879,0.59456825,0.95767045,0.37392652,0.4913803,0.92338026,0.65898055,0.54530466,75
76,0.27493137,0.49787813,0.30719596,0.26774007,0.48480576,0.26964214,0.2715285,0.51503855,0.21993023,0.26717988,0.46756017,0.52004683,0.26724723,0.5515377,0.55030966,0.29947168,0.3978492,0.7066959,0.29350615,0.605603,0.69686824,0.47613317,0.3838017,0.7634022,0.4488837,0.66325617,0.49211124,0.525512,0.42749524,0.041710168,0.53479475,0.63873684,0.09907203,0.51070356,0.4878274,0.6171422,0.4929189,0.649981,0.519976,0.7049126,0.39910996,0.586823,0.7140702,0.6662547,0.45409122,0.96195287,0.3698287,0.5982042,0.9275846,0.6538749,0.59965754,76
77,0.2621581,0.49654517,0.36585665,0.2545589,0.4816513,0.28639412,0.25540626,0.5145912,0.23114617,0.2529889,0.46564525,0.45580477,0.24973106,0.54621017,0.42833906,0.2891183,0.394029,0.6872411,0.27752286,0.60526884,0.7631041,0.46398932,0.38279444,0.78328645,0.42616493,0.66139483,0.4292329,0.5141418,0.43212223,0.05969399,0.54342926,0.6567485,0.14306383,0.4868867,0.48698688,0.61680424,0.46749872,0.6486718,0.47470444,0.6965889,0.40318894,0.64870286,0.6991544,0.6612869,0.6477119,0.9581852,0.36884984,0.6255826,0.92045236,0.6564465,0.5936097,77
78,0.23557404,0.4997447,0.39383936,0.22765324,0.4836205,0.29561496,0.22868626,0.5158863,0.2889918,0.22899154,0.4646461,0.511768,0.22673684,0.5439148,0.31580752,0.26587874,0.3924439,0.6230234,0.26411763,0.6089238,0.6600877,0.44787583,0.37846816,0.78332,0.4174537,0.65416974,0.45670342,0.4203741,0.46205541,0.29363844,0.5147525,0.63804775,0.1371608,0.46762145,0.48665556,0.63096553,0.44915438,0.6488073,0.5314156,0.6939961,0.40205956,0.7022388,0.6739795,0.6637164,0.6405618,0.9667232,0.36905572,0.5712006,0.927719,0.6604074,0.66563535,78
79,0.23545805,0.4920118,0.30753568,0.22611555,0.47755826,0.26274252,0.22757715,0.5128982,0.17973803,0.21897724,0.46051738,0.3859784,0.22063772,0.54416347,0.5315182,0.24996084,0.39664385,0.4714645,0.25098485,0.6044583,0.6278728,0.42813072,0.38054985,0.62805057,0.40083915,0.6567847,0.4874889,0.32904726,0.37228414,0.28236312,0.50636685,0.65269923,0.13808236,0.4609824,0.48814362,0.54001325,0.4378162,0.6395042,0.56938696,0.6880364,0.40358794,0.5464083,0.6658472,0.65736413,0.5635723,0.9600891,0.36852026,0.53505343,0.9250762,0.65588814,0.64410925,79
80,0.22205082,0.4855842,0.24712682,0.20992887,0.4697885,0.27398118,0.21018015,0.50918674,0.19071966,0.20710504,0.46199378,0.44956008,0.20583147,0.5453187,0.5377798,0.23745397,0.40460786,0.5195304,0.23423254,0.60455453,0.68987703,0.41727456,0.3794844,0.611716,0.3838309,0.65882367,0.4860731,0.3064267,0.3740947,0.32406238,0.47866106,0.641086,0.14909443,0.44600862,0.4863572,0.53419197,0.42347082,0.63820255,0.60113907,0.6873373,0.4030462,0.63557374,0.6561022,0.6531264,0.6070026,0.96899647,0.3677661,0.5541253,0.924828,0.65425515,0.69832635,80
81,0.20099291,0.48579177,0.3068108,0.19181196,0.47054225,0.36604586,0.19146192,0.50870943,0.2597212,0.18913478,0.45748794,0.32439277,0.18782018,0.5447654,0.49825022,0.21825312,0.39102167,0.6367699,0.21656822,0.60422134,0.7322171,0.39834148,0.37911794,0.6860498,0.37323126,0.6643854,0.5485145,0.36977768,0.44025156,0.20885307,0.4673972,0.6291851,0.15315776,0.42853564,0.4823652,0.6397925,0.41478035,0.6393162,0.6383834,0.6805789,0.40195966,0.7251539,0.6557997,0.6525413,0.6933956,0.9671072,0.36652896,0.63383055,0.92742866,0.6545045,0.73925376,81
82,0.17427212,0.49747694,0.41903257,0.16787249,0.4817704,0.3405835,0.1688891,0.5155867,0.29992697,0.16744123,0.4685861,0.534788,0.16470417,0.54355466,0.36019403,0.19637536,0.39103943,0.6294426,0.19571698,0.60221565,0.7237114,0.38022137,0.37575063,0.69369626,0.35577032,0.66166997,0.60720783,0.3568167,0.46086997,0.4839039,0.4208712,0.6113491,0.11034423,0.40810153,0.4810997,0.68728125,0.39899212,0.63381106,0.700151,0.6758348,0.40049213,0.691851,0.65998995,0.65320337,0.74775666,0.9681279,0.36823016,0.67916167,0.93683517,0.64891255,0.6169549,82
83,0.14448525,0.50966376,0.47890514,0.14056818,0.49842983,0.5442489,0.14377752,0.52279896,0.5716698,0.1408808,0.47647178,0.6328907,0.14440244,0.5440666,0.49021742,0.16581264,0.39438832,0.62192726,0.17473438,0.61780477,0.7050537,0.3649579,0.37512773,0.6305506,0.35029697,0.66375047,0.8159331,0.33374494,0.44364008,0.28653306,0.4216022,0.610482,0.1340986,0.38707918,0.48074386,0.7045806,0.38275918,0.6257321,0.7053089,0.66506696,0.3989181,0.7702388,0.6506681,0.65198874,0.72144186,0.96967745,0.36839598,0.6917671,0.93691105,0.64467955,0.68387663,83
84,0.12716389,0.5081757,0.5424531,0.122993484,0.49616954,0.5632039,0.12540603,0.5208204,0.5157993,0.12540907,0.47367936,0.6562729,0.13037744,0.54181963,0.47866774,0.15177113,0.39180034,0.73833454,0.15782157,0.6156211,0.8691695,0.3427443,0.37392598,0.6868437,0.33324322,0.66746163,0.8125267,0.32960442,0.45684016,0.42711022,0.36932123,0.57811296,0.19149399,0.38207647,0.4736341,0.7273917,0.37545404,0.6186363,0.659873,0.65722764,0.3981477,0.75631964,0.65471256,0.6442201,0.6840999,0.95983744,0.3663634,0.7547951,0.96800274,0.6441848,0.7620322,84
85,0.10677405,0.5021928,0.4400023,0.105442874,0.49158034,0.51337624,0.10424202,0.513489,0.48102146,0.11106759,0.4675747,0.54639757,0.10995852,0.54162765,0.43051103,0.13475873,0.39464316,0.55915546,0.13292831,0.6210266,0.5543871,0.32754922,0.37294516,0.7757472,0.3186368,0.6668419,0.85084665,0.32779372,0.46443087,0.4012296,0.3323142,0.54544234,0.32133454,0.38382822,0.46583447,0.77980494,0.37458333,0.61416423,0.7550602,0.66529286,0.39165908,0.6631244,0.6602346,0.6419217,0.58714116,0.9627682,0.36901182,0.7467332,0.97441816,0.642316,0.71535975,85
86,0.0865231,0.4962072,0.35454574,0.081304744,0.48046312,0.4912015,0.07805949,0.5121777,0.36116233,0.08861061,0.4593745,0.46918628,0.08284642,0.5398406,0.41608107,0.123163536,0.38967258,0.7136035,0.121037126,0.6210251,0.5767741,0.31019473,0.36886716,0.7919502,0.30719817,0.66734314,0.9083704,0.3059238,0.47191036,0.5045445,0.30639258,0.5509064,0.3609136,0.38415366,0.45348054,0.76228684,0.37558538,0.6010152,0.7236481,0.6706656,0.38888413,0.60118645,0.6589687,0.6369594,0.7251905,0.9628575,0.3670761,0.7445245,0.9692352,0.6422234,0.70188457,86
87,0.064413205,0.50886387,0.5114764,0.061270386,0.49387902,0.53884995,0.06031636,0.52328795,0.48410875,0.0691762,0.46605515,0.459456,0.0679382,0.5532876,0.73275965,0.1070503,0.3917136,0.78078073,0.10867413,0.62536585,0.72532475,0.2979214,0.36991304,0.8307436,0.2923208,0.6628638,0.91000056,0.3110131,0.47148857,0.44552085,0.3046419,0.55246377,0.35071853,0.37199205,0.44012743,0.8006157,0.36968458,0.591043,0.6821821,0.6691148,0.39041507,0.64768517,0.6553729,0.6299031,0.7213002,0.96616685,0.37015694,0.76536775,0.9543148,0.63975006,0.7341156,87
88,0.04755646,0.5062322,0.46840817,0.043394458,0.49022302,0.49276564,0.045142084,0.5230004,0.44832304,0.050823264,0.46660239,0.6182608,0.052921407,0.55648476,0.6630671,0.08758261,0.38900456,0.6185535,0.093912795,0.6212387,0.6742137,0.2873218,0.36133057,0.7326963,0.2926498,0.66348946,0.9231843,0.3118233,0.4701606,0.4390924,0.309196,0.54772717,0.28664905,0.37335485,0.43592152,0.78301245,0.3694576,0.5877807,0.81955826,0.67132425,0.38840574,0.6080539,0.65816975,0.6183053,0.5645373,0.96555084,0.37115106,0.7766239,0.9724836,0.6286864,0.70281136,88
89,0.038105566,0.50286174,0.38651296,0.032870844,0.48580796,0.4855028,0.033296373,0.52078927,0.51377594,0.043356698,0.45814976,0.4592014,0.044625998,0.553599,0.69063056,0.07508692,0.38251102,0.7487619,0.09036106,0.62175477,0.7759173,0.2758249,0.3622175,0.8512589,0.27972293,0.66085243,0.8094828,0.29856133,0.46366227,0.42082724,0.2912069,0.55754215,0.3441049,0.3573812,0.43057793,0.7818451,0.35599905,0.58448946,0.8172035,0.66945857,0.38971016,0.5993904,0.6511403,0.6140548,0.67862546,0.97070235,0.36992535,0.6701329,0.96522474,0.6285536,0.7708438,89
90,0.022304846,0.5078907,0.36172575,0.01668045,0.4873979,0.44229978,0.0147280805,0.5206848,0.41479138,0.029538615,0.45792866,0.5132246,0.029239304,0.5517651,0.61322135,0.07143535,0.37659556,0.6530038,0.087155595,0.62298274,0.7529867,0.2695533,0.35624146,0.81869507,0.27174234,0.6581705,0.91402435,0.29288757,0.45866764,0.46493647,0.2919227,0.5603043,0.2552666,0.3613674,0.4280253,0.7731925,0.35777256,0.5763966,0.69172144,0.6706885,0.3892547,0.6028912,0.65676904,0.60483634,0.7253806,0.96708655,0.3714343,0.66740143,0.95424664,0.6300186,0.7145452,90
91,0.009405487,0.5040263,0.44134757,0.004495978,0.4838415,0.35818166,0.0048957616,0.51814926,0.38373035,0.009594293,0.45618308,0.34766272,0.012385323,0.5414691,0.49592844,0.06275831,0.3745862,0.5478423,0.079091474,0.6169012,0.64183635,0.2599264,0.35221538,0.8164129,0.26876238,0.6599163,0.72178614,0.29758275,0.4438485,0.53011394,0.27882347,0.5526746,0.3728111,0.36140546,0.42682478,0.79599303,0.3597244,0.5732944,0.6860503,0.67003196,0.3894337,0.6223476,0.65611476,0.5981425,0.6845833,0.9677643,0.36872554,0.7118374,0.9557594,0.6250496,0.6831374,91
92,0.0082262065,0.49467918,0.52745605,0.0034002205,0.47823584,0.3216221,0.0033700257,0.5140044,0.35958984,0.0059371423,0.448546,0.37434238,0.00864921,0.538604,0.47169235,0.06786069,0.3746463,0.83961403,0.075098306,0.616236,0.88500524,0.25577837,0.35795754,0.713974,0.2653096,0.6589482,0.6664507,0.2988187,0.42813396,0.53006047,0.2784902,0.56121826,0.29481572,0.3556987,0.42867243,0.78647894,0.35605177,0.571471,0.6670885,0.65622747,0.3907097,0.66650134,0.6587083,0.5974025,0.6522095,0.96033394,0.36847293,0.50242215,0.96204495,0.6256832,0.6637198,92
93,0.0075937156,0.50197077,0.40526834,0.0025008167,0.4805126,0.30192307,0.0031608602,0.5184903,0.3806453,0.007203783,0.45532697,0.39015305,0.0104587935,0.5414102,0.5386487,0.0662191,0.37323338,0.8341552,0.07627355,0.6137174,0.89827263,0.2529023,0.34723186,0.7035591,0.26297298,0.6522789,0.9177029,0.28862378,0.43072116,0.45332596,0.27685365,0.57008356,0.21254234,0.35442433,0.4272227,0.77685463,0.35490274,0.5700145,0.6320406,0.65373766,0.3928982,0.70011747,0.65499604,0.5946697,0.6206708,0.9671089,0.36863,0.7198374,0.9552722,0.6254256,0.6907333,93
94,0.0045926427,0.49327654,0.49797106,-0.001979776,0.47301662,0.38160118,-0.0011430018,0.5097222,0.3778191,0.0009840849,0.44654506,0.3263428,0.006418954,0.5371685,0.45017156,0.06713187,0.36882538,0.8553017,0.07225736,0.6094302,0.8777495,0.25594535,0.34981495,0.7857808,0.2619245,0.65007913,0.91569144,0.30162677,0.42664024,0.523147,0.26397443,0.5560001,0.4028476,0.3561176,0.42253202,0.7967905,0.35290182,0.5678264,0.8113775,0.65760314,0.39214504,0.6629582,0.65649134,0.59331274,0.61054415,0.95827067,0.36857444,0.5188991,0.95728177,0.62519646,0.5632731,94
95,0.0054860525,0.49457037,0.50270873,-0.00064836565,0.4748752,0.3791156,-0.00016296764,0.51001096,0.40378255,0.0014181901,0.4475323,0.3648338,0.006499406,0.5313815,0.5532389,0.06307788,0.36575186,0.73277825,0.071424104,0.6090657,0.87954116,0.25510746,0.34926528,0.7773186,0.26193124,0.6476511,0.92007774,0.3007698,0.42668122,0.5107549,0.27333912,0.5588946,0.2635006,0.35645837,0.42157978,0.79351145,0.35389835,0.5665945,0.80449575,0.65815115,0.3910596,0.641309,0.65135884,0.5958761,0.83677435,0.9670814,0.3680976,0.6668962,0.96677804,0.6272076,0.66026753,95
96,0.0027927728,0.49217814,0.4268853,-0.004297248,0.4710799,0.31540725,-0.0035493716,0.50953853,0.32433125,-0.0042858007,0.4450806,0.27016386,0.0009358043,0.5314419,0.4882749,0.05713118,0.36693126,0.79584605,0.06717512,0.6092708,0.8509412,0.24711227,0.34594378,0.6805686,0.25897413,0.6461655,0.90656203,0.2973665,0.42234862,0.5481931,0.2690553,0.5612376,0.29437453,0.35696656,0.4216133,0.79543555,0.35550007,0.5674175,0.81707704,0.65421426,0.39258653,0.67538476,0.6502528,0.59622276,0.8343786,0.96519744,0.3676042,0.68403816,0.95528305,0.6256369,0.6006596,96
97,0.0024500198,0.49285227,0.46632332,-0.004918317,0.47282767,0.35091776,-0.0045221373,0.5086465,0.32693455,-0.0047323355,0.45227358,0.30976215,-0.0005282356,0.5299735,0.5127138,0.056964263,0.36482376,0.8112006,0.06441589,0.60887367,0.8290397,0.2524867,0.3492214,0.78186095,0.2562735,0.64418954,0.9071173,0.28823322,0.43287277,0.3867307,0.26968294,0.5583178,0.25301278,0.35593566,0.42149633,0.79763705,0.35379845,0.56627154,0.8218454,0.6498425,0.393283,0.6470237,0.64795053,0.5967634,0.82501936,0.9566902,0.3677438,0.52313614,0.96646345,0.6281582,0.6275202,97
98,0.0018827864,0.49157208,0.48425612,-0.005693513,0.4716177,0.3369564,-0.0050140144,0.50742567,0.3325147,-0.0056608217,0.44552094,0.31830922,-0.00039373277,0.5299098,0.53275824,0.0568986,0.3651738,0.82696915,0.06446509,0.6081477,0.83834314,0.25286967,0.34657463,0.7990859,0.25442353,0.6447537,0.9066726,0.28803682,0.43220842,0.37764612,0.26421934,0.5618261,0.26675802,0.35821587,0.4206123,0.80912673,0.35551858,0.56563735,0.8250599,0.6509906,0.39168656,0.6469921,0.64847386,0.59627783,0.8323031,0.9570169,0.36812565,0.52006066,0.95998335,0.6280861,0.66154385,98
99,0.0015523856,0.4906118,0.47152,-0.0059403656,0.46984407,0.31546798,-0.00483063,0.50738984,0.31482407,-0.0055035143,0.44365972,0.3167581,-0.00018851538,0.5294628,0.5261545,0.059168756,0.36326715,0.82853746,0.06541102,0.60835737,0.8533073,0.2585497,0.3484797,0.82047343,0.2531855,0.64534914,0.9042587,0.28285772,0.4409674,0.44347155,0.25638866,0.5574993,0.29451767,0.3593132,0.42266124,0.8057067,0.3551156,0.5655363,0.81901425,0.6501611,0.39193517,0.6361047,0.64887977,0.5967785,0.82736474,0.95671713,0.3693396,0.51616514,0.9641341,0.62974036,0.64625394,99
100,0.0020371524,0.49040014,0.4711761,-0.0050308555,0.46908018,0.3069779,-0.004195736,0.50739455,0.32071424,-0.004644149,0.44276893,0.32985836,8.608514e-05,0.52929616,0.5245083,0.058212396,0.36054313,0.8344991,0.06605918,0.6087135,0.85846657,0.25570998,0.34587812,0.81301504,0.25352716,0.64407337,0.8982061,0.2836246,0.4381323,0.44922808,0.25623217,0.5620444,0.3320964,0.3591443,0.42094064,0.7984717,0.35532385,0.56290627,0.80324614,0.6529117,0.39339364,0.68031013,0.64922655,0.59346056,0.5822387,0.9549084,0.36925218,0.5417793,0.9635479,0.62949765,0.65268695,100
101,0.0016770664,0.49171638,0.44279966,-0.0058216895,0.47070128,0.28200278,-0.0050326744,0.5081185,0.33955804,-0.006375085,0.44412813,0.3082022,-0.0013667563,0.5291012,0.5476401,0.059680827,0.36080766,0.83839726,0.06429437,0.6075804,0.83834213,0.25385576,0.34599197,0.79675525,0.253713,0.6436659,0.8901906,0.28064913,0.43772304,0.43114975,0.2508939,0.5630461,0.30273905,0.3615007,0.4204057,0.81052434,0.35729617,0.5618155,0.8106955,0.6522396,0.39453396,0.69337296,0.64700115,0.59595203,0.8180169,0.95620555,0.3693243,0.5401423,0.9653367,0.62874097,0.65349185,101
102,0.0007648889,0.49456996,0.45746288,-0.007523642,0.4739365,0.27084884,-0.006491199,0.50957334,0.3424952,-0.008839031,0.45323431,0.2577425,-0.0039741443,0.52901834,0.47517082,0.054428093,0.3608991,0.8163315,0.06160848,0.6064292,0.80682254,0.24994062,0.3437148,0.76942873,0.25266135,0.64457995,0.9001959,0.2867725,0.4316486,0.38809916,0.2524496,0.5659254,0.35235232,0.35887212,0.41690952,0.81121963,0.35605955,0.5602893,0.80300975,0.6521816,0.39505976,0.7133871,0.6493525,0.5939229,0.57300436,0.95518696,0.37170696,0.5414161,0.9611761,0.631225,0.67024815,102
103,0.0015305405,0.49378842,0.47144625,-0.0059175994,0.47236198,0.2939078,-0.0043903366,0.5100639,0.3414782,-0.0067683263,0.4458042,0.30126944,-0.0012210474,0.52999467,0.5009477,0.05315364,0.36200845,0.7972929,0.062911525,0.6066565,0.82770956,0.24631982,0.34166726,0.7135565,0.25196213,0.64524895,0.9000075,0.2838393,0.42858493,0.4356709,0.2488434,0.5632307,0.29412296,0.35761082,0.41802475,0.8040739,0.35463044,0.5617818,0.8029756,0.6542345,0.39532763,0.74421585,0.64819956,0.59187186,0.5610909,0.9529447,0.3692374,0.5636225,0.95912194,0.6303549,0.637972,103
104,0.0010014179,0.49173063,0.46343228,-0.0064376406,0.47071835,0.2957835,-0.004857734,0.50749433,0.32957184,-0.006853954,0.44461954,0.30581018,-0.001036929,0.528577,0.5198874,0.053129733,0.3615148,0.80334306,0.062012047,0.60611755,0.81374776,0.24563196,0.34170365,0.7105565,0.2512276,0.6456983,0.8919889,0.28342468,0.42850563,0.46530256,0.2505157,0.56039196,0.30045837,0.3544581,0.4192654,0.7909292,0.35208368,0.5625091,0.7999949,0.6540743,0.39498967,0.726999,0.6492444,0.59239215,0.5820931,0.9516632,0.369972,0.5628977,0.958841,0.6311205,0.65211034,104
105,0.002482782,0.49147338,0.49139655,-0.004634564,0.4705217,0.3326738,-0.0031358125,0.5069722,0.35523373,-0.0051257187,0.44470155,0.35798267,0.00058566907,0.52779853,0.5497343,0.051820725,0.36117738,0.78517586,0.061570443,0.6050286,0.8198216,0.24745964,0.34228218,0.7073099,0.24865566,0.64717615,0.8569191,0.2837212,0.4280915,0.4777337,0.25233585,0.5624139,0.33429548,0.35777813,0.42116675,0.79552674,0.35488302,0.5633444,0.80133176,0.6525494,0.39528537,0.7163675,0.64806926,0.59205866,0.5760505,0.9532993,0.36890364,0.5276382,0.96132123,0.6304937,0.6248896,105
106,0.0018308847,0.4914164,0.51787543,-0.005785956,0.47131547,0.32037234,-0.004704467,0.50590503,0.36008403,-0.007438927,0.44542405,0.32328245,-0.00160571,0.52693796,0.5532355,0.050691128,0.36103773,0.7584933,0.059751406,0.6062245,0.8131947,0.24768692,0.34180504,0.72838837,0.24820225,0.6466685,0.8610002,0.28297377,0.42564195,0.47418293,0.2503438,0.5637615,0.3378891,0.35624838,0.4180457,0.79721236,0.35286158,0.5620815,0.8033468,0.6532482,0.39535344,0.7302966,0.6461703,0.5936737,0.8381984,0.96312255,0.369523,0.6546624,0.96066374,0.62964946,0.6092152,106
107,0.0010990789,0.49107635,0.51849574,-0.0072744093,0.47191533,0.287766,-0.0059110536,0.50476164,0.33255833,-0.009040944,0.44628677,0.27787668,-0.0032716636,0.5257658,0.5243133,0.049437523,0.3602078,0.7218389,0.059124686,0.6056304,0.7995603,0.2501246,0.3411288,0.7230015,0.247228,0.6482195,0.86067235,0.2840553,0.42270812,0.4548704,0.25186104,0.5661315,0.3859116,0.35674202,0.4193611,0.7938795,0.35391197,0.5623112,0.8140616,0.6527028,0.3938987,0.7100767,0.64507806,0.5931232,0.8290612,0.9535161,0.3692041,0.5294156,0.95904994,0.63069797,0.6306057,107
108,0.0016939355,0.4911774,0.4969261,-0.0072808093,0.47169268,0.27251458,-0.0058721206,0.5044806,0.34569877,-0.010878978,0.44603127,0.26447314,-0.0048208446,0.5249424,0.5105508,0.051826738,0.3566503,0.76431954,0.055249494,0.60493064,0.752707,0.2495336,0.34031555,0.71046996,0.24622917,0.6488508,0.85975945,0.29049703,0.41895074,0.49029896,0.24697727,0.56495607,0.32713768,0.35727808,0.41646707,0.813676,0.3530298,0.560207,0.7991995,0.6518567,0.39547688,0.73880416,0.646958,0.5926104,0.565773,0.9526466,0.36755186,0.5439831,0.95309186,0.6293767,0.6461333,108
109,-0.00036092254,0.48861343,0.47100502,-0.008691743,0.4680526,0.2728105,-0.007761366,0.5040762,0.31316534,-0.0117683625,0.44266152,0.27787352,-0.0061819344,0.5252508,0.5039607,0.049908575,0.3567347,0.75700223,0.054977354,0.6045317,0.75456667,0.25103664,0.33906782,0.7122793,0.24564467,0.650237,0.85123503,0.2846594,0.42128524,0.478258,0.24099347,0.5689909,0.3235772,0.35645387,0.41673136,0.81056696,0.35187158,0.5598814,0.8030747,0.65125936,0.39411038,0.71390927,0.64833856,0.5933567,0.83806324,0.9510491,0.36407372,0.5748905,0.9579417,0.62995684,0.6558853,109
110,-0.0003846017,0.49078238,0.44582388,-0.009268286,0.47028422,0.2457926,-0.008021957,0.5058383,0.31084916,-0.013890551,0.44434774,0.23434643,-0.0072143334,0.5271925,0.46283925,0.04942895,0.35334978,0.68952775,0.050920233,0.60486597,0.70150936,0.2495374,0.33894902,0.6902695,0.24620502,0.64616996,0.8957472,0.28931674,0.4226302,0.48696285,0.24981707,0.55564517,0.3998921,0.35935935,0.41596723,0.81766874,0.3552919,0.5596304,0.8030863,0.6523405,0.39392138,0.72333384,0.6485372,0.5915395,0.82979774,0.9515547,0.36608788,0.5506031,0.96034884,0.630136,0.6519709,110
111,-0.0011318281,0.48902863,0.45627144,-0.010382557,0.4684616,0.23488915,-0.008595908,0.50401205,0.27928758,-0.0150790885,0.443397,0.20937014,-0.0081502,0.52628934,0.39411512,0.04465735,0.35468614,0.6364615,0.04999344,0.604372,0.7040075,0.24516825,0.33799455,0.6498663,0.24610972,0.643821,0.89105296,0.29251415,0.4194944,0.48436013,0.24824546,0.55178523,0.33879575,0.35970336,0.4142847,0.809783,0.3580104,0.5582172,0.7894107,0.6520089,0.39257002,0.71192175,0.6503409,0.59361583,0.80165,0.95090735,0.36700606,0.556834,0.9602983,0.6296974,0.6621422,111
